,Pengguna,Bintang,Tanggal,Simpulan,Komentar
0,Mdenni,we-star-rating-stars we-star-rating-stars-5,05/04/2016,So much fun!,Addictive
1,Uh min frg,we-star-rating-stars we-star-rating-stars-5,10/19/2014,Ramen chain,AWSOME
2,Kirajie,we-star-rating-stars we-star-rating-stars-5,06/01/2014,Love this game â¤ï¸,ğŸ‘ğŸ‘ğŸ‘ğŸ‘ğŸ‘ğŸ‘ğŸ‘ğŸ‘
3,ElyseBr,we-star-rating-stars we-star-rating-stars-5,08/10/2013,Delicious!,"Great game, lots of fun!"
4,AnaFers,we-star-rating-stars we-star-rating-stars-5,07/02/2015,Great game!,Good.
5,Carolina Deb,we-star-rating-stars we-star-rating-stars-4,02/19/2017,Good Game,Very fun
6,Krayzie84,we-star-rating-stars we-star-rating-stars-5,03/21/2014,Fun game,Really fun game. Can't put my phone down :)
7,Alicecreed1010,we-star-rating-stars we-star-rating-stars-5,06/16/2017,Very nice,"I like it the cooking part and the different ramen you can make. It's challenging, but fun at the same time."
8,Samianthaburrows2015,we-star-rating-stars we-star-rating-stars-4,09/21/2015,Ramenchain,Ramen chain is fun
9,Noooooooodle12345,we-star-rating-stars we-star-rating-stars-4,08/18/2013,Fun game,Pretty fun....but arms get tired easily
10,Theresa62,we-star-rating-stars we-star-rating-stars-5,08/28/2013,Fooh,Good game
11,CakeEnvy,we-star-rating-stars we-star-rating-stars-5,02/21/2016,5/5,Because reasons.
12,Biiternerd,we-star-rating-stars we-star-rating-stars-5,01/12/2017,Fun!,"Fun, but stuck at the airport without diamonds."
13,Angkall,we-star-rating-stars we-star-rating-stars-5,08/10/2013,Great game,Very good game!
14,Golden Lightning,we-star-rating-stars we-star-rating-stars-5,01/04/2015,Great game!,Really cool game!
15,Dragon rider 1995,we-star-rating-stars we-star-rating-stars-5,10/03/2015,Ramen!!!,This game is amazing and super challenging!!! I love it!!!
16,Kkolus,we-star-rating-stars we-star-rating-stars-4,12/20/2014,Fun,Very addicting
17,KaralineJk,we-star-rating-stars we-star-rating-stars-5,06/27/2015,Ms,Love this game!
18,Fuqboiiiiiiiiiiiii,we-star-rating-stars we-star-rating-stars-5,02/03/2015,Its so fun to play,Very fun
19,Napicola,we-star-rating-stars we-star-rating-stars-4,12/31/2016,Change the Star System!,"It's a fun game, but as previous reviewers mentioned, you have to have enough stars to move on to the next chapter, which is extremely hard. You'll be forced to spend your money on various upgrades and purchase diamonds to continue. Otherwise, you're constantly playing the same game to reach the magical number of stars. Would suggest having a function that allows us to buy diamonds with the profits from the ramen store."
20,TazKats,we-star-rating-stars we-star-rating-stars-4,09/01/2014,Good game,Fun.
21,SuperDanica,we-star-rating-stars we-star-rating-stars-5,09/18/2014,ï¼BEST GAME EVER ï¼,CAN'T STOP PLAYING IT
22,Yonabids,we-star-rating-stars we-star-rating-stars-4,08/10/2013,It's okie,"I wish doesn't need to buy diamonds
The game is okie....."
23,Hiccupz,we-star-rating-stars we-star-rating-stars-1,06/19/2015,Terrible,"Cant get past how poorly written it is. Hire an editor!

As for the gameplay, the menus arent intuitive at all. No close buttons in sight. No thanks."
24,Sbeah2w,we-star-rating-stars we-star-rating-stars-3,02/20/2017,Overall good,Would really like more variety of tasks.
25,Tplunk2013,we-star-rating-stars we-star-rating-stars-5,11/13/2015,:),Great and fun game!! Two thumbs up.
26,Jeffertard,we-star-rating-stars we-star-rating-stars-5,03/27/2014,Yoooo,Get this game.
27,Butterfli3,we-star-rating-stars we-star-rating-stars-3,10/12/2015,Nice,It's okay
28,Nahnahnahnah156,we-star-rating-stars we-star-rating-stars-5,07/23/2014,Great!!,Great game
29,QuizicalReview,we-star-rating-stars we-star-rating-stars-5,07/23/2015,Ramen Chain,This game is one of the very few i enjoy
30,Mulls4509,we-star-rating-stars we-star-rating-stars-4,08/06/2013,Cool,Addicting game! Love it!
31,Awsome for Anime,we-star-rating-stars we-star-rating-stars-4,09/18/2013,Great Game,"really good game, it'd be nice to be able to get more diamonds easier too."
32,Aaabbeee907907,we-star-rating-stars we-star-rating-stars-3,04/08/2017,Great but frustrating,Great but frustrating.
33,mulynn,we-star-rating-stars we-star-rating-stars-4,02/07/2014,Fun and relaxing :),Very fun to pass the time with :) Four stars because I'd like a relax mode.
34,Ashbash30,we-star-rating-stars we-star-rating-stars-5,02/21/2015,So much fun!!!,Beware. This game is addicting. Challenging and enjoyable.
35,Sophy112,we-star-rating-stars we-star-rating-stars-4,03/24/2015,Addicted game,Wonderful game
36,Kitty_Anastacia,we-star-rating-stars we-star-rating-stars-5,11/02/2014,No words to describe,"This game is so addicting and fun. Just because you don't like ramen, it's all fun just the same! If you like fast challenging games, I dare you to give it a try. Now, can you put down the device?"
37,Tiffrocking,we-star-rating-stars we-star-rating-stars-5,03/27/2015,Addictive,Love it
38,Xyw1231,we-star-rating-stars we-star-rating-stars-4,04/22/2016,Good game,Definitely a good game
39,Pear Playful kiss,we-star-rating-stars we-star-rating-stars-4,08/12/2013,VP.,"I was feeling hungry, when I played."
40,Lexy Gyrl,we-star-rating-stars we-star-rating-stars-4,05/01/2014,Fun,â¤ï¸CookingğŸœ
41,Millie Ramos,we-star-rating-stars we-star-rating-stars-4,06/21/2014,Fun game,So many levels and so many things to unlock. And you earn money to buy things for your restaurant.
42,Christinaakerstin,we-star-rating-stars we-star-rating-stars-5,04/11/2015,Love it!!,It's so much fun!! Very challenging too (:
43,chef-8-8-8,we-star-rating-stars we-star-rating-stars-4,04/30/2014,love it,a really fun game
44,AdithDwiesha,we-star-rating-stars we-star-rating-stars-5,06/30/2014,It's worth to try,"I think this game is more addictive than other paid game that i have bought, just try it to have fun!!"
45,Vannah1597,we-star-rating-stars we-star-rating-stars-5,08/25/2014,Addicting! Amazing! Awesome!,Wow! I love this game! I could play it for hours. It can be challenging but it's very fun! Thank you so much for creating this wonderful game! It helps me pass time!
46,Dareme666,we-star-rating-stars we-star-rating-stars-5,08/23/2013,Good game,Fun stuff!!!
47,Yakumo33,we-star-rating-stars we-star-rating-stars-3,02/14/2016,Fun!!,It's very fun!!!
48,NiNi_amor,we-star-rating-stars we-star-rating-stars-5,08/05/2013,Love it,AMAZING GAME!!!! Totally addicting and I love it
49,Krd1362,we-star-rating-stars we-star-rating-stars-5,08/11/2013,Fun when bored,"The whole game is about serving customers their ramen.. You have to make it to their order.. All the ingredients are in front of you and you have to get it right..
I Play on my iPad and its a fun game to play when I'm bored... You have to be a good multitasker."
50,Bedoelloveinsyd,we-star-rating-stars we-star-rating-stars-5,12/16/2014,Cool,Cool beud
51,ä½•æ´›,we-star-rating-stars we-star-rating-stars-5,10/25/2014,Good,Good enough
52,Btpd21,we-star-rating-stars we-star-rating-stars-4,08/30/2014,It is ok,Yeah
53,Maiazngirl,we-star-rating-stars we-star-rating-stars-5,12/27/2014,Love,It
54,summer881125,we-star-rating-stars we-star-rating-stars-4,05/31/2014,Good one,Like this game
55,Dengeist,we-star-rating-stars we-star-rating-stars-4,08/16/2013,Memory&Reflex,"Fun little game. Starts you off nice and easy, by the third stage things start to become a challenge. The only minor problem is the translation in the storyline. It's ""All your base belong to us"" bad, but other than that, really fun game."
56,xXxAngelicLightxXx,we-star-rating-stars we-star-rating-stars-5,08/18/2016,Fun and addicting,Only doing this for a diamond
57,GreenThumbTooStoned,we-star-rating-stars we-star-rating-stars-5,08/12/2013,Awesome,This game is super awesome and after level two gets challenging quick!
58,Gabbin.Gabby,we-star-rating-stars we-star-rating-stars-4,01/04/2018,It's alright,"The game is pretty good, the ramen looks reeeaalllyyyy good! But you need to be really fast in order to get all 3 stars"
59,Plpno123,we-star-rating-stars we-star-rating-stars-5,08/29/2014,Fun but,It's a bit slow
60,fukuykuy,we-star-rating-stars we-star-rating-stars-5,09/30/2014,Tt,Sfthhyu
61,vickieheully,we-star-rating-stars we-star-rating-stars-5,06/24/2014,Ramen Chain is fun!,"I too am a fan of the Dash franchise. I found Ramen Chain to be just as fun. You basically take orders and cook ramen recipes for the customers. The graphics are pretty on my iPad. Gameplay starts off slow as you learn, but it gets challenging after awhile. Lots of things to unlock and upgrades to buy with in-game currency to upgrade your restaurant. Plenty to keep you interested and playing. The storyline is also cute. Highly recommend!"
62,Bahgbear,we-star-rating-stars we-star-rating-stars-5,03/08/2017,Fun,Great time management game
63,LanaArey,we-star-rating-stars we-star-rating-stars-4,02/25/2017,Cool,Cool game
64,ğŸŒšğŸ™ŒğŸ‘€,we-star-rating-stars we-star-rating-stars-5,06/19/2015,great !!,what a great game it honestly is fun just writing this to get some free diamonds ğŸ’ğŸ’ğŸ’
65,à¹„à¸¡à¹ˆà¸¢à¸­à¸¡à¸£à¸±à¸šà¸„à¸§à¸²à¸¡à¸ˆà¸£à¸´à¸‡2523,we-star-rating-stars we-star-rating-stars-4,06/19/2016,Addicting,It is very fun and addicting.
66,CCfromCali,we-star-rating-stars we-star-rating-stars-5,06/09/2014,Wow,Yeah I might be a little addicted to this game. I love this app!
67,Catzzxx,we-star-rating-stars we-star-rating-stars-5,04/10/2014,Its so much fun,I think everyone have to try this game!!!
68,SolinaSom,we-star-rating-stars we-star-rating-stars-5,12/06/2016,Fun,Fun
69,ramenaddict23,we-star-rating-stars we-star-rating-stars-5,08/12/2013,Yum,great app. makes me hungry.
70,Coybagaipo,we-star-rating-stars we-star-rating-stars-5,07/28/2015,Fun and cool,I love it
71,Dhdjbskdndjsijdksldndodndnjdd,we-star-rating-stars we-star-rating-stars-4,05/30/2016,Fun,This game is fun an all but is kinda hard to earn the final upgrades. Sometimes is laggy
72,Kblunt78,we-star-rating-stars we-star-rating-stars-5,01/20/2020,Love this game,Is there a 2 in the future.
73,Danyalebrimer,we-star-rating-stars we-star-rating-stars-5,08/17/2013,Awesome,Loved it!!
74,Pall Mall 79,we-star-rating-stars we-star-rating-stars-5,08/29/2014,Fun game!,"It is easy at the beginning, but watch out it gets harder as level gets higher, making it difficult to get all 3 stars! Challenging indeed."
75,Hyposy,we-star-rating-stars we-star-rating-stars-4,09/23/2013,Review,"I think this game is great since I've playing for couple months yet have not gotten rid of it yet.
I think it's awesome, but I am hoping that there would be more game scene in the future. Say, more Japan cities, more varieties of guest and ramen chef."
76,thealexray,we-star-rating-stars we-star-rating-stars-4,08/10/2013,Pretty fun,Pretty fun
77,DivaDawn73,we-star-rating-stars we-star-rating-stars-4,10/09/2014,Great game,Fun entertaining game.
78,GeeTee1234567890,we-star-rating-stars we-star-rating-stars-4,08/06/2013,Pretty good game but some bugs,"The major bug I found is you can't purchase at the shop using the available diamonds.
Another issue is when you drag food too fast, it doesn't work so you'd end up throwing the order away."
79,Grrammy51,we-star-rating-stars we-star-rating-stars-4,01/11/2014,Ramen chain,Good game
80,Cool3956,we-star-rating-stars we-star-rating-stars-4,09/22/2016,Fun,Lots of fun!!
81,SmileyKupWhi,we-star-rating-stars we-star-rating-stars-5,08/23/2015,Ramen Chain is Super Fun!,Easy to use and easy to please customers!
82,Annnyyybabyyyy,we-star-rating-stars we-star-rating-stars-4,08/21/2015,Fun Game,"This is a game that is actually kind of fun and not impossible. It still gives you a bit of a challenge, and it gives you the opportunity to get diamonds for free."
83,Smart iPad,we-star-rating-stars we-star-rating-stars-5,12/22/2017,Awesome,I love this game it's so amazing and I hope if there updates for iOS 11
84,CM Mommy,we-star-rating-stars we-star-rating-stars-5,08/21/2013,Love it!,Love this game. One of my faves. And I <3 Ramen.
85,Kitty_vomitt,we-star-rating-stars we-star-rating-stars-5,11/05/2015,Yay,"This is a great game, love it!!!"
86,Hejkjejjejjjhehu,we-star-rating-stars we-star-rating-stars-3,02/04/2014,For diamonds,They only reason I am writing this review right now is because you have to to get diamonds... Yes it is that kind of stupid game.
87,Cece410,we-star-rating-stars we-star-rating-stars-5,02/03/2014,Awesome,This game is really fun
88,Lilmissie365,we-star-rating-stars we-star-rating-stars-3,06/14/2016,Okay,Not a bad game
89,BsterMac,we-star-rating-stars we-star-rating-stars-5,01/28/2014,Fun,I like it
90,Mandy Higurashi,we-star-rating-stars we-star-rating-stars-5,03/03/2014,Great game!,"Love this game!Should have a relax mode and more internationals shops and costumers,like Brazilian,Korean..."
91,Broahzn,we-star-rating-stars we-star-rating-stars-5,04/14/2015,Ramen cral,Heydo bsksbdb snake I. Kid. Ski Sheila Hans jJordanwmtv sushi dish fix duh Handbook snap!
92,Popinasunshine,we-star-rating-stars we-star-rating-stars-5,01/21/2014,Awesome!!!,I absolutely love this game :)
93,Gokusupersaiyan123,we-star-rating-stars we-star-rating-stars-5,12/08/2013,Excellent,Best cooking game
94,EM-3382-4405,we-star-rating-stars we-star-rating-stars-5,11/05/2013,Great game!,I love ramenchain~
95,Susie 94,we-star-rating-stars we-star-rating-stars-3,08/12/2013,Ramen Chain,This game is entertaining.
96,Fun 123456753,we-star-rating-stars we-star-rating-stars-5,02/01/2016,Really fun,This game is really fun anybody that hates this game is not human. This game is addictive challenging and fun. ğŸ®ğŸ®ğŸ˜‚ğŸ˜‚
97,Nicole44448,we-star-rating-stars we-star-rating-stars-5,12/06/2013,Awesome,This Game Is Great I Even Got My Friend Into It!!! XD
98,Fefe0418,we-star-rating-stars we-star-rating-stars-5,06/28/2015,Fun,I just love this game
99,Mss PieZ,we-star-rating-stars we-star-rating-stars-5,04/11/2015,Fun,Must have this game .. It's really fun ğŸ˜†ğŸ˜†ğŸ˜†
100,Yummy yummy ramen,we-star-rating-stars we-star-rating-stars-5,08/06/2013,It's really good,Funny!:)
101,Breezer2698,we-star-rating-stars we-star-rating-stars-5,08/27/2016,Challenging,This game is actually pretty challenging which I like! I love a good challenge that gets my blood boiling!! You know what I mean?
102,anabearie,we-star-rating-stars we-star-rating-stars-4,06/21/2015,Fun,"A really fun time management game, with great graphics, but I'd love to see more shop options. Furthermore, it seems impossible to get three stars on some levels without using diamonds, which is kind of unfair."
103,XtremeRockstar,we-star-rating-stars we-star-rating-stars-5,01/13/2014,Great game,Love This Game
104,Not challenged,we-star-rating-stars we-star-rating-stars-4,02/14/2017,pleasant mindless fun,"the sound effects can get a bit overwhelming over time, but it's a satisfying game"
105,endlessbliss,we-star-rating-stars we-star-rating-stars-5,05/25/2016,Fun,Some are hard to get 3 stars but fun game
106,Grinds my gears,we-star-rating-stars we-star-rating-stars-5,02/16/2015,Good,Cool
107,Ppatellll,we-star-rating-stars we-star-rating-stars-5,02/03/2017,dr.,Good game. Lots of fun
108,Sweetsue357,we-star-rating-stars we-star-rating-stars-5,01/03/2014,Ramen Chain,Awesome game
109,alamoja,we-star-rating-stars we-star-rating-stars-4,08/12/2013,Great Game!,Ramen noodle is good.
110,Vivrekt,we-star-rating-stars we-star-rating-stars-3,01/07/2016,Cool,It's not the best food franchise game. The food takes too long to get into the bowl when you drag it. And it's hard to get more customers into the restaurant when you have all the upgrades.
111,iYupZzzZ,we-star-rating-stars we-star-rating-stars-5,08/22/2015,Ramennn,Oishiiiii
112,Princessjayla,we-star-rating-stars we-star-rating-stars-4,09/10/2017,Fun,"I like this game, it can keep you entertained for a while if you want to make it to a certain level or milestone. I don't like how you have to get so many starts for the next level. You almost have to have all perfect games."
113,Adrian Lee,we-star-rating-stars we-star-rating-stars-4,08/19/2014,Not bad,"Not bad, interface could be a little larger for the fingers bit overall a good time waster"
114,Deleyna,we-star-rating-stars we-star-rating-stars-4,08/11/2013,I like it!,Fun game for sure. There's a lag which slows me down but I try to work with it. Love washing the dishes!
115,Jihjihjihjihjih,we-star-rating-stars we-star-rating-stars-5,09/07/2014,Ramen addict,This game is adorable and a great way to kill time and exercise your time management skills
116,Jr Slzr,we-star-rating-stars we-star-rating-stars-4,08/29/2015,Nice idea.,"Fun game but would be better if it had more levels and in depth game play especially with the restaurant. Ex: more upgrades, making restaurants bigger, etc."
117,Samsha101,we-star-rating-stars we-star-rating-stars-4,04/28/2014,Good game,Enjoy it!
118,Baby blue1968,we-star-rating-stars we-star-rating-stars-5,08/10/2013,Awesome,I love this game
119,Noodle you,we-star-rating-stars we-star-rating-stars-5,03/08/2016,Ramen Chain,"So far, so good."
120,Kimmibee7,we-star-rating-stars we-star-rating-stars-5,09/22/2014,Great game,Love it!
121,APersonWhoUsedThisAppâ„¢,we-star-rating-stars we-star-rating-stars-5,10/24/2014,Addicting..,I play this game whenever I get a chance. It's certainly entertaining.
122,Imelzhang,we-star-rating-stars we-star-rating-stars-5,09/01/2013,I love ramen,Love this game
123,Gogo yabari,we-star-rating-stars we-star-rating-stars-5,11/25/2014,Ramen!!!!!ğŸœğŸœğŸœğŸœğŸœğŸœğŸœğŸœ,I love this game it's super fun!!!! I love ramen
124,nimoyu,we-star-rating-stars we-star-rating-stars-4,08/13/2015,yummy,yummy ramen
125,Cool girls 12,we-star-rating-stars we-star-rating-stars-5,11/02/2014,I love this game,I love this game so much that if the company makes more games like this I'm geting them.ğŸ‘ğŸ‘ğŸ‘ğŸ‘ğŸ‘ğŸ‘ğŸ˜†ğŸ˜†ğŸ˜†ğŸ˜†ğŸ˜†ğŸ˜†ğŸ˜†ğŸ˜†
126,Cluvu89,we-star-rating-stars we-star-rating-stars-5,08/15/2013,So addicting!!!,Whoooo!
127,Xxheatlessxx,we-star-rating-stars we-star-rating-stars-5,08/08/2013,ğŸ’œ,I love this game!
128,Jdragon514,we-star-rating-stars we-star-rating-stars-5,06/20/2017,AddictingğŸ‘ğŸ»,"Th game is addictive and fun and the graphics are pretty, love the upgrades and boosts as well!ğŸ˜"
129,Angela Wong23,we-star-rating-stars we-star-rating-stars-4,01/09/2014,Pretty fun game,A interest game!
130,Kim.YG,we-star-rating-stars we-star-rating-stars-5,08/09/2013,Love it,Intense! So fast. A fun challenge!
131,jayyybo,we-star-rating-stars we-star-rating-stars-4,06/19/2014,"I'm still new, but it's fun","I like this game, as a fan of the ""Dash"" games and ""Burger Queen."" I wasn't sure I would at first, but it does get more challenging.

Note for anyone who gets frustrated with the need to buy or wait for diamonds: You can use your Â¥ to boost each store, which increases your profits and gets you to 120 stars without acquiring diamonds."
132,IchibanV,we-star-rating-stars we-star-rating-stars-5,08/17/2015,Mmm Ramen!,Game is super fun and addictive. Makes me hungry â˜†*:.ï½¡. o(â‰§â–½â‰¦)o .ï½¡.:*â˜†
133,Bunnychickmoi,we-star-rating-stars we-star-rating-stars-5,08/06/2013,Love it!,"Love this game, it's so fun and addictive :)"
134,Teana2010,we-star-rating-stars we-star-rating-stars-5,07/18/2014,Fun game!,I love it!
135,Iheartkillingzombies,we-star-rating-stars we-star-rating-stars-5,12/11/2016,Super awesomeness,"Love this game, ultra addictive"
136,re6661,we-star-rating-stars we-star-rating-stars-5,07/08/2014,fun,"Super cute, love it."
137,Inkedup_Alpha,we-star-rating-stars we-star-rating-stars-4,02/06/2017,Review,Good game
138,DarkxAnjel,we-star-rating-stars we-star-rating-stars-4,01/08/2014,Fun,Very addicting game
139,Hik4176,we-star-rating-stars we-star-rating-stars-5,02/23/2015,It's the best game I've ever played!!!,"Like I said, It's the best... Well, one of the best games, of course!
The story is nice~
The description about each customer - ramen is also incredibly nice~"
140,1234kjhn,we-star-rating-stars we-star-rating-stars-4,02/28/2017,Really Good,Really entertaining and unique. Love it but wish it wasn't so hard to get diamonds. Also wish you didn't have to pay for the New York chapter ğŸ˜“
141,Readerodperor,we-star-rating-stars we-star-rating-stars-5,09/07/2014,Best game I've played,We'll the title says it all
142,Rhianbran,we-star-rating-stars we-star-rating-stars-5,03/05/2014,Addictive!,Fun to play and addictive. I was looking for a restaurant sim and it doesn't disappoint.
143,Awesome0981,we-star-rating-stars we-star-rating-stars-5,11/12/2014,ğŸ‘,ğŸ‘ŒğŸ‘ğŸ‘
144,Obynschrody,we-star-rating-stars we-star-rating-stars-4,09/20/2016,Good,You have to purchase to get the necessary diamonds otherwise good.
145,Guigui333cedric,we-star-rating-stars we-star-rating-stars-5,08/30/2013,i love this game,"It,s so fun ."
146,Cathey1265,we-star-rating-stars we-star-rating-stars-4,09/20/2015,Good app,Great app driejdiw
147,Boardley,we-star-rating-stars we-star-rating-stars-5,09/24/2015,Awesome,Awesome
148,Haydenjasper,we-star-rating-stars we-star-rating-stars-5,06/23/2014,This is the best mobile game ever played,"When I first found this I was like ""I want
to try this game"" so I got it and was
AMAZED with it I kept playing it for
Hours on the iPhone"
149,B_Kabbani,we-star-rating-stars we-star-rating-stars-3,09/28/2017,Updates?,I remember playing this game a while back when it was under 9gag. I re downloaded it and started playing again but the music doesn't work. I was really disappointed and tried everything to fix it.
150,13utterCup,we-star-rating-stars we-star-rating-stars-4,02/06/2017,Good game with good graphics,"Makes phone a little slow, but this game is unique with a storyline and fun levels"
151,Kennetix,we-star-rating-stars we-star-rating-stars-5,07/01/2014,Great,Great game
152,KathrynD94,we-star-rating-stars we-star-rating-stars-4,09/29/2016,Pretty addicting,"This game is fun, but getting all three stars is difficult without purchasing upgrades. It's hard to progress past level four."
153,BaddassKate,we-star-rating-stars we-star-rating-stars-5,03/04/2019,PLEASE UPDATE IT,I loved playing this game but i cant my it on my iPhone 7 plus! Can you please update it so i can play it.
154,Mamasitade4,we-star-rating-stars we-star-rating-stars-5,05/08/2016,Fun,Very addicting
155,Susanna2582,we-star-rating-stars we-star-rating-stars-4,12/23/2017,Huj United crucio dread,Needs to be updated to new iOS PLEASE PLEASE DO THIS I LOVE THIS GAME
156,Sheva ranks,we-star-rating-stars we-star-rating-stars-5,01/16/2017,I love it,"Great game. I was looking for something a bit different from the usual food chain games, this one is refreshing to me."
157,Enoch92,we-star-rating-stars we-star-rating-stars-5,01/22/2015,Tons of fun,"I'm not usually into the food games where you serve people but this one is tons of fun, I'm addicted"
158,Nikog306,we-star-rating-stars we-star-rating-stars-5,09/22/2016,Good game,This game is fun and addictive!
159,U r ok,we-star-rating-stars we-star-rating-stars-5,11/24/2013,...... Only 2words - Awesome Game- well if you like ramen. Lol,"I'll out it simply..... BEST
GAME EVER
ON TOUCH SCREENS!!!!!"
160,Dcknow,we-star-rating-stars we-star-rating-stars-5,08/13/2013,It is fun,Although it shuts down sometimes
161,RagingHawk,we-star-rating-stars we-star-rating-stars-5,08/14/2013,Great game!,"Played a couple of games that are similar to this game. This one is by far the best. It's easy on the eye, at least for me, and easier to control, you wont make as much mistake since you drag instead of tapping the ingredients."
162,Xztghop,we-star-rating-stars we-star-rating-stars-3,01/21/2014,Good,Ok la
163,Ruthie108,we-star-rating-stars we-star-rating-stars-5,12/21/2014,Very fun!,I really enjoy this game but I'm frustrated that I can't get all the stars at all the level. Anyways still very fun!!
164,Mopeesha,we-star-rating-stars we-star-rating-stars-4,07/25/2015,So much fun!,This game is entertaining! Better instructions in the beginning would be nice!
165,Cole Stargazer,we-star-rating-stars we-star-rating-stars-5,06/28/2015,Fun Game,Great way to spend free time. I love this game! Makes me pretty hungry though.
166,è‚‰æ¡‚æ¡‚,we-star-rating-stars we-star-rating-stars-5,03/09/2015,It is fun and addictive,It is fun and addictive
167,Assassinjak,we-star-rating-stars we-star-rating-stars-5,05/14/2014,Fun game,"Playing on iphone is quite difficult, but good game otherwise o(ï½€Ï‰Â´ )o"
168,Medicalmasta,we-star-rating-stars we-star-rating-stars-5,10/21/2014,Tasty treat,"Great game, good story line. Good for burning time while waiting for your food at a restaurant or for your movie at the theater."
169,@hardyharnarry,we-star-rating-stars we-star-rating-stars-5,06/20/2015,I want diamonds,I want a diamond but this game is really addicting and I like it a lot i guess lol
170,aKsIaDn,we-star-rating-stars we-star-rating-stars-5,07/05/2015,Fun fun fun,Feels like a real business!
171,ANDREA TAN,we-star-rating-stars we-star-rating-stars-3,09/18/2013,Addictive till diamonds required,"Like a lot of games nowadays..without paying for extra goodies it'll be hard to get a complete score. Otherwise, great game"
172,Sweetness747,we-star-rating-stars we-star-rating-stars-3,02/07/2018,Meh,It's ok. It's not always responsive to the actions and it has shut down once on me. It is a nice game to mindlessly play and it's easy to gain a profit.
173,Dr.BunnyLin,we-star-rating-stars we-star-rating-stars-3,08/14/2013,Not very rationalã€‚ã€‚,Not very rationalã€‚ã€‚
174,Ponn pich,we-star-rating-stars we-star-rating-stars-5,08/18/2016,Ramen chain,Its ok
175,Kennedyy98,we-star-rating-stars we-star-rating-stars-5,07/01/2017,Much fun,"This game is very fun and entertaining on bad part is the customer's patience when you start the game is very quick and you're always on your ""toes"" but that's how real ramen chain is so I guess it's a plus. Very recommend this game, very fun"
176,Alexys Delgado,we-star-rating-stars we-star-rating-stars-5,08/19/2013,:),Life over!
177,Redballpen,we-star-rating-stars we-star-rating-stars-5,08/17/2013,Funny game,It is a funny game and i love this game
178,Ggyntg,we-star-rating-stars we-star-rating-stars-5,03/29/2014,Love it,Love this game!
179,Sleep-l3ss,we-star-rating-stars we-star-rating-stars-4,08/15/2013,Ramen~,This game is pretty fun and addictive
180,Kezz295,we-star-rating-stars we-star-rating-stars-3,08/10/2013,I â¤ Ramen,Better than diner dash.... I really enjoy it!!
181,PearlyRose91,we-star-rating-stars we-star-rating-stars-5,04/30/2014,Enjoyable game!,"Love this! But this game needs more levels! Also, I can't seem to unlock NY.."
182,ireGATES,we-star-rating-stars we-star-rating-stars-5,10/23/2015,Ramen,Awesome Game ğŸ˜ğŸ˜
183,LavonnaOwlboy,we-star-rating-stars we-star-rating-stars-4,08/10/2013,I love ramen!!,Good game :)
184,Swirly_star,we-star-rating-stars we-star-rating-stars-5,08/01/2015,Great game!,Very addicting!
185,Anime boy lover223,we-star-rating-stars we-star-rating-stars-5,03/13/2015,Amazing to play,This game is really fun to play!!!
186,InLoveWithThisNinja<3,we-star-rating-stars we-star-rating-stars-5,01/26/2016,Extremely fun and addicting!,I love all the challenges and the levels of difficulty. One of my favorite games.
187,Annika00022,we-star-rating-stars we-star-rating-stars-5,10/26/2016,Great!!,"So fun and addicting, can't stop playing"
188,HeavenlyEyes,we-star-rating-stars we-star-rating-stars-4,08/17/2013,I love this game! â¤,This is a very fun and cute game. The ramen on here actually makes me hungry lol. ğŸ˜Š
189,saffirebluz,we-star-rating-stars we-star-rating-stars-5,08/10/2013,Super fun!!!,Great game!
190,Frenchieee_,we-star-rating-stars we-star-rating-stars-5,06/05/2015,You need to download this app!,"A really fun and addicting game. Gets tougher as you go, and always keeps you on your toes! New recipes, new customers, new restaurants. There's always something new to unlock. Amazing game!"
191,Fufu45,we-star-rating-stars we-star-rating-stars-5,02/09/2014,Great game,Can't stop playing this!
192,JanJan PR,we-star-rating-stars we-star-rating-stars-5,03/07/2014,Grand game,I love this game because of the different ramens
193,Njnintgijufwscii,we-star-rating-stars we-star-rating-stars-4,02/23/2015,Fun,Ramen chef is fun!!
194,Nuvasoo,we-star-rating-stars we-star-rating-stars-5,11/15/2014,Great game,One of the better games on ipad. You can play with only in game currency for a long time. There are alot of ads but i'll make the trade off.
195,Alyxea<3,we-star-rating-stars we-star-rating-stars-4,01/10/2016,Fun,Keeps me busy
196,MarilynAguilera,we-star-rating-stars we-star-rating-stars-4,06/21/2014,Addicting,It's a fun game to play when bored
197,Killajaysway,we-star-rating-stars we-star-rating-stars-5,08/09/2013,"You""ll love it","You'll quickly start to get the game mechanics, even when it's fast paced at some points..... Wish real Asians were that fast at making food... Until then Ramen up!!!!!!.... Aahahahahahahahaahahahahahahahahahahahahahahahahahahahahahahahahahahahahahahaahahahahahahahahahahahahahahahah..... Love this game"
198,Carlie153,we-star-rating-stars we-star-rating-stars-5,03/25/2015,Addicting fun game!!!,Awesome!!!!
199,Gogol jack,we-star-rating-stars we-star-rating-stars-3,02/23/2014,Pretty good,This game is pretty good but it's not bad. It's a little hard and frustrating to get all three stars
200,kaitinxrosex62292,we-star-rating-stars we-star-rating-stars-5,08/09/2013,Awesome,Really like the game
201,LDN098,we-star-rating-stars we-star-rating-stars-4,01/18/2016,Pretty fun but ads are annoying,:)
202,Michiko426,we-star-rating-stars we-star-rating-stars-3,01/06/2014,New York?,"For some reason I can't purchase NY, or unlock the level before 4.6

Otherwise I love this game."
203,tangy_angela,we-star-rating-stars we-star-rating-stars-4,08/31/2017,Super Fun,Really addictive. But profit goal is kind of a struggle on level 8
204,Miichelleeexddd,we-star-rating-stars we-star-rating-stars-5,05/02/2015,Ed,Deff
205,DanielleAsher21,we-star-rating-stars we-star-rating-stars-5,01/30/2017,Diamonds!,Me needs diamonds
206,Theukz,we-star-rating-stars we-star-rating-stars-5,11/15/2013,Great Game!!!,Nice Job bro.. Keep creative n make another great game.. #proudtobeindonesian
207,Itsaraporn,we-star-rating-stars we-star-rating-stars-3,08/05/2013,Fun,Funny
208,Froxtyivy,we-star-rating-stars we-star-rating-stars-5,02/11/2015,Fun,Great game
209,PiinkSparkles,we-star-rating-stars we-star-rating-stars-4,03/14/2015,I love it!,"I love this game, it's quite addicting. The only thing is that sometimes it crashes in the middle of the game and I have to reopen the app and restart the level!"
210,Amalthea13,we-star-rating-stars we-star-rating-stars-5,01/03/2014,The BEST!,I've never played a better game!
211,Mimi6459,we-star-rating-stars we-star-rating-stars-4,09/10/2019,Ok,It's ok for a iPad 1 game
212,lovingmybaby2011,we-star-rating-stars we-star-rating-stars-5,03/06/2014,awesome,I love this game. Some of the lvls are hard to get the third star on but over all a really great game to pass the time when ur bored or are waiting for something/someone.
213,Capsgirl87,we-star-rating-stars we-star-rating-stars-4,03/10/2016,Fun,Fun time management game
214,Swagpooplol,we-star-rating-stars we-star-rating-stars-5,06/20/2015,Very very fun for everyone,It's great
215,Superxwoman,we-star-rating-stars we-star-rating-stars-5,09/12/2015,Addicting,A great game to kill time
216,Zzzzzzombieee_,we-star-rating-stars we-star-rating-stars-5,06/22/2014,Fun I Guess,I â¤ï¸ ğŸœ
217,Loveapps1234,we-star-rating-stars we-star-rating-stars-5,05/22/2016,Love this game!,This is a great game. It's challenging and addicting. I love it!
218,Roy lee looooool,we-star-rating-stars we-star-rating-stars-5,04/29/2015,More d plz,I mean more ways to have it like ... Watching ad ğŸ’—
219,Kokayi,we-star-rating-stars we-star-rating-stars-5,05/17/2015,Awesome,This game is pretty dope
220,jerryanna1223,we-star-rating-stars we-star-rating-stars-5,07/22/2015,good,"I love this game ,but hard to play on after chapter4 without diamond"
221,Jimmybob 1812,we-star-rating-stars we-star-rating-stars-5,06/25/2015,yeah,gooood
222,RainyK,we-star-rating-stars we-star-rating-stars-5,06/25/2015,Fun,Very entertaining and makes me want ramen every time ğŸ˜‹
223,Sarah Pontious,we-star-rating-stars we-star-rating-stars-5,08/10/2013,Love Love Love,I Love this Game :) So Fun!!
224,è§æ‹œå…,we-star-rating-stars we-star-rating-stars-5,08/22/2013,good,good
225,Thickems931,we-star-rating-stars we-star-rating-stars-5,01/08/2015,Awsome,This game is Awesome and addictive
226,MagicSama,we-star-rating-stars we-star-rating-stars-5,09/03/2016,Funny game,Played for long time. Love this game.
227,~*Princess K*~,we-star-rating-stars we-star-rating-stars-5,05/07/2015,Fun!,"Addicting and challenging, what more could I ask for?!"
228,Sweet729,we-star-rating-stars we-star-rating-stars-4,03/10/2016,Diamonds,This game is challenging and after a point it get really hard to earn a three star point and needs diamonds to purchase in order to earn that three star point.
229,Grxhm,we-star-rating-stars we-star-rating-stars-4,02/26/2017,Good game,"Good to play when bored, face paced but entertaining"
230,FIXTHISPLZZ,we-star-rating-stars we-star-rating-stars-5,03/18/2016,Good game I like it,I like the game
231,Game addict ğŸ®,we-star-rating-stars we-star-rating-stars-5,06/01/2014,:),Best game
232,Kgwynn_17,we-star-rating-stars we-star-rating-stars-5,06/19/2015,Good game!,This game is so much fun!
233,OptoBeauty,we-star-rating-stars we-star-rating-stars-4,07/10/2014,Must Download,This is a great game and it is very addicting. Even though it is a simple game it has many different parts you have to unlock. I haven't stopped playing it since I downloaded the game.
234,Dream_wild,we-star-rating-stars we-star-rating-stars-5,06/26/2015,Best,Best game !!! U need to get
235,John mallyvich,we-star-rating-stars we-star-rating-stars-4,10/21/2015,I digg it,To the fullest
236,MrsEscobar,we-star-rating-stars we-star-rating-stars-5,02/05/2016,Love it,Love the game awesomeeeee
237,Panda10121,we-star-rating-stars we-star-rating-stars-5,06/05/2014,Fun,ğŸ‘ğŸ‘
238,dud00dud,we-star-rating-stars we-star-rating-stars-5,01/10/2016,I like it,"It is so fun.
I really liked the sounds.
Sound is so realistic.
It makes me make ramen right now !!"
239,Jsstarke,we-star-rating-stars we-star-rating-stars-4,10/14/2014,G,My son told me about this game and now I can't stop playing :)
240,Joshlover1oo,we-star-rating-stars we-star-rating-stars-5,06/19/2015,Im hungry,"Fun to play, I'm hungry now"
241,Ttqtndct,we-star-rating-stars we-star-rating-stars-4,03/22/2016,Fun!,I like ramen. I like games. I like this ramen game.
242,Tippny,we-star-rating-stars we-star-rating-stars-5,08/06/2013,Tippny,Fun and addicting
243,seoulsis77,we-star-rating-stars we-star-rating-stars-5,05/31/2015,Fun times,Totes
244,Noodlecouple,we-star-rating-stars we-star-rating-stars-5,07/18/2015,Ramentastic,Awesome game!
245,Pink sexy tonia 29,we-star-rating-stars we-star-rating-stars-5,08/23/2013,Head chef,Love this game!!!!!! It's the bestest
246,RoyalStarPrincess,we-star-rating-stars we-star-rating-stars-5,06/28/2017,Needs some updating,"I found this game fun but the only issues I found was that the dragging of the food got really annoying, I prefer tapping. It's much faster and it doesn't give my fingers a callus from playing. And another thing is that some of the stages makes it hard to get a perfect three stars no matter what you upgrade on your store. Please update to fix these issues."
247,Kaylapooh18,we-star-rating-stars we-star-rating-stars-5,08/09/2013,Love it!!!,Soon addicted! It's so much fun and can even be a challenge! Defiantly worth the download!!!!
248,666meeh,we-star-rating-stars we-star-rating-stars-5,08/04/2013,Game Crazy,Great game ;))
249,Ismichan,we-star-rating-stars we-star-rating-stars-3,08/04/2013,I love Ramen,Great game... Since i love ramen a lot... The graphical is so tempting... I wish i can have the ramen i made...
250,Jayatbay,we-star-rating-stars we-star-rating-stars-4,08/18/2013,Okay,Okay game..must try..
251,Mannycheese,we-star-rating-stars we-star-rating-stars-4,12/29/2014,Love,"Fast paced, interesting, good graphics"
252,Patricia Villanueva,we-star-rating-stars we-star-rating-stars-5,11/03/2013,Like it,I love ramen
253,Boomer1204,we-star-rating-stars we-star-rating-stars-5,06/04/2017,Fun cooking game,A lot of fun with this time management game
254,iCVmuziq,we-star-rating-stars we-star-rating-stars-4,08/07/2015,It's fun,I enjoy playing.
255,Lkhfybxruv,we-star-rating-stars we-star-rating-stars-5,01/02/2014,Fun ramen game!,"One of the best apps, I played."
256,dtdavidtovar,we-star-rating-stars we-star-rating-stars-4,03/18/2017,Great game,Addictive
257,Hhrjdkjdfidh,we-star-rating-stars we-star-rating-stars-4,06/21/2015,Hunger,Needs less ads but overall is a good game
258,Tardizgirl,we-star-rating-stars we-star-rating-stars-5,11/10/2015,Great game!,Great!!
259,Eflairyun,we-star-rating-stars we-star-rating-stars-5,08/16/2013,Great game,I've only been playing for a day and I'm hooked on the game.
260,ä¸€ä¸²å­—ç¬¦,we-star-rating-stars we-star-rating-stars-5,01/11/2015,å¥½ç©,éå¸¸å¥½ç©å–œæ¬¢è¿™æ¸¸æˆ
261,CelestialSilverIvy,we-star-rating-stars we-star-rating-stars-4,08/12/2013,Good game.,"It's got a few crashing problems here and there and a bunch of grammatical errors, but it's still pretty good."
262,Seattle BLS,we-star-rating-stars we-star-rating-stars-5,04/16/2014,Great Game,Fun to play. Nice and challenging. :)
263,Zombieninja09,we-star-rating-stars we-star-rating-stars-5,07/22/2015,Fun,Love this game
264,bonheur106,we-star-rating-stars we-star-rating-stars-5,05/01/2014,Good game,I like the graphics and the theme but it would be better if the control was more smooth.
265,Babynellss,we-star-rating-stars we-star-rating-stars-4,11/19/2014,Addictive!!,I love this game!
266,Txcowgirljp,we-star-rating-stars we-star-rating-stars-4,09/16/2013,Good but could improve,"Definitely a fun game, but the instructions and objectives, etc could be laid out a little bit clearer I think. Great concept with lots of variations available."
267,Squishy blob11,we-star-rating-stars we-star-rating-stars-5,03/22/2014,Awesome !!!!!!,So awesome if only there was a game with a jellyfish eating ramen and pocky at the same time!!! That would be heaven!!! But this game is just pure awesome yay RAMEN!!! :)
268,everythingbyevans,we-star-rating-stars we-star-rating-stars-5,08/15/2013,Addictive,Good game!
269,Salimity,we-star-rating-stars we-star-rating-stars-4,12/24/2014,Recommend,Definitely a great game. Challenging and without a paywall. Only issue is the grammar from the main storyline. That can be a little jarring.
270,Llalalalaland,we-star-rating-stars we-star-rating-stars-3,09/30/2016,3 stars,I can't get three stars
271,Nessa Sita,we-star-rating-stars we-star-rating-stars-4,03/18/2015,Love this game,Can't advance well...
272,SwedishRamen,we-star-rating-stars we-star-rating-stars-4,07/15/2017,Pretty Decent Game,"This is a great game. The only flaw I've encountered is, sometimes at the end of a round, it will stay on the screen. The only way to ""fix"" it is to exit the app completely, which means you lose all progress made in that round, stars, and money. Also, the game exits itself randomly at times. I will continue to play it. I wish there were more levels though!"
273,P'sMama,we-star-rating-stars we-star-rating-stars-5,05/22/2015,NeatO,This game is awesome. I wish there was something to give the customers in case the wait is longer to maintain their happiness and patience. But all around cool.
274,Jkori,we-star-rating-stars we-star-rating-stars-5,08/10/2014,Great!,"I love this game. It isn't impossible to upgrade things like in other games, and it is super addicting. Fun game."
275,claire yan,we-star-rating-stars we-star-rating-stars-4,08/12/2013,pretty good,it is a good appï¼Œbetter to have more small games.
276,Toy-boat,we-star-rating-stars we-star-rating-stars-5,03/24/2016,Best ramen game ever,"Just what I said. Good storyline, very calm soundtrack! ğŸ‘ŒğŸ¾"
277,Keng005,we-star-rating-stars we-star-rating-stars-5,11/01/2013,Good,Good
278,milkyvoodoo,we-star-rating-stars we-star-rating-stars-4,01/23/2017,Nice game to pass the time.,Not that bad of a game to pass the time but after a while it gets boring..
279,ShaeJoHu,we-star-rating-stars we-star-rating-stars-3,08/25/2013,Ok game,It's fun
280,Neltiff,we-star-rating-stars we-star-rating-stars-5,01/16/2015,good,good game
281,Jonjonwoo1,we-star-rating-stars we-star-rating-stars-5,02/13/2014,Japan is best,Japanese ramen is best. This game is fun and addictive. I also like upgrading my shop skills.
282,Ramngrl,we-star-rating-stars we-star-rating-stars-5,02/22/2015,Fun game!,"Anyone who loves time management games, will love Ramen Chain."
283,Tlb2151,we-star-rating-stars we-star-rating-stars-4,04/23/2015,Hot Ramen,Cool game. Would recommend.
284,Cocoi457,we-star-rating-stars we-star-rating-stars-5,07/01/2014,Good,Amazing game so fun to play
285,Ooooooohhhhhhhjj,we-star-rating-stars we-star-rating-stars-5,09/07/2016,Love it!,Fantastic and addictive game. My hands are cramping from all the tapping!
286,Keazma,we-star-rating-stars we-star-rating-stars-1,08/05/2016,Crashes all the time,Used to love this game but now all it does is crashes mid-game and when it does you have start the level all over again and you LOSE the diamonds that I used to buy my boosts before it starts not mention the money earned. It's become a rip off. Won't be playing this anymore. ğŸ˜Ÿ
287,homiewomiee,we-star-rating-stars we-star-rating-stars-4,06/29/2014,Super addicting,"ğŸ˜ŠğŸ˜ŠğŸ˜ŠğŸ˜ŠğŸ™ Great game , only downfall is how addicting it is. Can literally stay up for hours playing ramen chain. ğŸ‘"
288,Rbwlbw,we-star-rating-stars we-star-rating-stars-5,04/14/2014,The best,I love the game great for my kids to play something to keep them quiet like if your at an appointment
289,Mmeemile2,we-star-rating-stars we-star-rating-stars-4,06/21/2015,Fun,"Fun game. Tiny pictures even on an iPhone 6, so your eyesight better be good. The tips are flashed too quickly between levels so you can't read them in time. You also can't get three stars on all levels unless you purchase diamonds, which is to be expected. Fun story line and characters."
290,His truly,we-star-rating-stars we-star-rating-stars-5,11/21/2014,I love this game!!!,Addicting & FUN!!!!!!
291,Britbrat0497,we-star-rating-stars we-star-rating-stars-3,02/03/2017,Good but negatives,Having to get almost perfect score to move on is annoying but overall fun game
292,E-DUB-BABY,we-star-rating-stars we-star-rating-stars-4,02/06/2014,Fun fun fun,Love this game
293,â—ï¸â—ï¸â—ï¸â—ï¸perf,we-star-rating-stars we-star-rating-stars-5,08/07/2015,ğŸ‘ğŸ‘ğŸ‘ğŸ‘,ğŸ‘ğŸ‘ğŸ‘ğŸ‘ğŸ‘
294,Fujikoichi,we-star-rating-stars we-star-rating-stars-5,11/07/2014,Cool,Cool game could use some add ins but pretty good
295,Bad-Apple,we-star-rating-stars we-star-rating-stars-5,11/10/2015,Ramin,Totally addicting!
296,Yariyazvel,we-star-rating-stars we-star-rating-stars-5,06/20/2015,ğŸ‘,Fun!!!
297,Prothane,we-star-rating-stars we-star-rating-stars-4,09/02/2016,Pretty good game,Not as easy as it seems and it's quite entertaining
298,What is the weather?,we-star-rating-stars we-star-rating-stars-5,08/19/2013,Love it!!!,Fun game...love it!
299,michaelthewhale,we-star-rating-stars we-star-rating-stars-4,06/20/2015,Very fun.,this game is very fun. the only thing I don't like is the informal dialogue in the story. if that wasn't a problem the game would receive 5 stars.
300,LobstarClamp,we-star-rating-stars we-star-rating-stars-4,04/04/2016,"Great game, needs more stages!","Really addictive, love the sound effects."
301,Lizzy199430,we-star-rating-stars we-star-rating-stars-4,04/21/2014,Roman chain,Fun restaurant serving game.
302,Emyamuut,we-star-rating-stars we-star-rating-stars-5,11/30/2018,I love it,This was my game when I was 18 years old
303,Red Iguana,we-star-rating-stars we-star-rating-stars-3,01/17/2015,Ramen,It's fun for a bit.
304,ChelseaLikesMustaches,we-star-rating-stars we-star-rating-stars-3,08/07/2013,Not too bad.,Not too bad.
305,Itsjayneewhaaa,we-star-rating-stars we-star-rating-stars-4,02/07/2017,Wish it was easier to get three stars,Wish it could be easier to get three stars with the upgrades
306,Ka jan,we-star-rating-stars we-star-rating-stars-5,09/04/2013,Awesome,Addicting!
307,KilKah,we-star-rating-stars we-star-rating-stars-5,08/09/2013,Great Game!,Great game!
308,MajorLeagueWobs,we-star-rating-stars we-star-rating-stars-5,01/30/2017,Chef,Prettyyyy good game
309,Junpei87,we-star-rating-stars we-star-rating-stars-5,01/06/2014,Ramen!!!,Fun & entertaining game for all ramen lovers!!
310,Lstflamelit,we-star-rating-stars we-star-rating-stars-5,08/06/2014,Fun and challenging!,"This is like any of your typical serve-the-food game, and believe me I've played a LOT of them in the last few years. But this one is fun and exciting in that it's actually a lot more challenging than you might think it is. Typically with other games I can get all the stars in one go, but this one it is actually taking me a bit of time to do so."
311,Jbrhrthd,we-star-rating-stars we-star-rating-stars-5,03/30/2015,Awesome,Omg so fun!!! Thaz all I gotta say!!!
312,Nina08101991,we-star-rating-stars we-star-rating-stars-5,01/12/2014,Awesome,Can't stop
313,Platasaurus Rex,we-star-rating-stars we-star-rating-stars-4,09/17/2013,I like it,Its Fun!
314,Tendii,we-star-rating-stars we-star-rating-stars-5,02/21/2014,Fun!,Super fun and addicting.
315,Star Trek 2,we-star-rating-stars we-star-rating-stars-2,10/13/2015,Was fun,"So, this is my 3rd attempt at a review, and they still won't give me my diamonds. You can't do certain upgrades without them. They took a fun game and ruined it for the almighty dollar. Don't bother downloading."
316,"Geeks,d,",we-star-rating-stars we-star-rating-stars-4,04/05/2014,Awesome,Fun game
317,Sehdu,we-star-rating-stars we-star-rating-stars-5,05/29/2015,Fun,Great game
318,KarinaD93,we-star-rating-stars we-star-rating-stars-5,05/28/2015,So much fun!!!,"Can't stop playing this game it is addicting
Kind of hard to pass levels without having to buy diamonds"
319,Eloonline,we-star-rating-stars we-star-rating-stars-4,04/03/2014,Really good,"Realy good app, i lost a lot of time on this game, awesome! The only thing i dont like, is the graphics, too bad."
320,Lynnie train,we-star-rating-stars we-star-rating-stars-4,08/16/2013,Ramen chan,Fun entertaining game
321,Minsugarapgenius,we-star-rating-stars we-star-rating-stars-5,02/20/2017,Fun!,Great
322,daverystrider,we-star-rating-stars we-star-rating-stars-4,04/07/2017,Pretty good,Very fun
323,Ramen kutyyyyyy,we-star-rating-stars we-star-rating-stars-4,11/25/2014,Gi,Ramen chain vui vui
324,Linallama,we-star-rating-stars we-star-rating-stars-4,07/04/2015,Love it!,It's really fun and keeps you busy. Love this game. :)
325,Minki_1,we-star-rating-stars we-star-rating-stars-5,08/17/2013,Fun Game!,Really fun to play!
326,Ashley .D.,we-star-rating-stars we-star-rating-stars-4,01/11/2016,I like it,It's fun and I love food
327,Lizzyyyypoo,we-star-rating-stars we-star-rating-stars-3,08/08/2013,Fun!,"Love the game, graphics are great, but I wish there were more customers when the profit goal is increased. It's impossible to get above 6000 yen in those two minutes. Please change and be more accommodating. If you increase the goals then at least increase the customers and time so it'd actually be possible."
328,Stronsa,we-star-rating-stars we-star-rating-stars-5,09/18/2016,Ramen,Fun game!
329,monkeylucy,we-star-rating-stars we-star-rating-stars-5,02/14/2014,Good,I like cooking ramen
330,alohomorayourmind,we-star-rating-stars we-star-rating-stars-5,08/30/2016,Mindless fun,Game is fun and you can play for hours
331,Buddaflye22,we-star-rating-stars we-star-rating-stars-4,02/10/2014,Addictive,Be quick. Great time killer.
332,Kittyy144,we-star-rating-stars we-star-rating-stars-5,03/18/2014,Addicting!,Really fun and addicting xD im glad i found this game :3
333,LizzzSumake,we-star-rating-stars we-star-rating-stars-5,10/05/2014,great,love itï¼
334,HungFat,we-star-rating-stars we-star-rating-stars-5,11/07/2016,Great game!,Great game!
335,Criticiously critic,we-star-rating-stars we-star-rating-stars-3,08/08/2013,Keeps on crashing :(,Please fix it. :( Good game tho. Time consuming and I love it!
336,Foe Frenemy,we-star-rating-stars we-star-rating-stars-5,01/30/2017,Love Ramen Love This.,This game is addicting and fun.
337,Samiko R,we-star-rating-stars we-star-rating-stars-5,08/04/2013,my fingers hurting,"wrist also hurting can't stop!
Excellent time management game!!
Must download!!"
338,LavhhaaGurl,we-star-rating-stars we-star-rating-stars-5,12/24/2014,5 stars,Great game played it and I'm in love 5 stars
339,Tduo,we-star-rating-stars we-star-rating-stars-5,08/22/2014,Fun,Fun
340,Yosuke Hanamura,we-star-rating-stars we-star-rating-stars-5,02/15/2014,It's alright,Doesn't try force you to spend a lot money on it. Gameplay is simple and enjoyable.
341,Ra--men,we-star-rating-stars we-star-rating-stars-5,07/14/2014,Ramen chain,Fun fun fun
342,Fuhceyucdujcd,we-star-rating-stars we-star-rating-stars-4,11/08/2015,Okay,Abuse diamond too much
343,Rosebuhd,we-star-rating-stars we-star-rating-stars-5,09/29/2016,Really fun,The washing dishes stage is my fave XD
344,A*2..N,we-star-rating-stars we-star-rating-stars-5,08/15/2013,Awesone,I really love this game. It makes me want to have ramen all the time. Really awesome game indeed.
345,Narcpro,we-star-rating-stars we-star-rating-stars-4,02/20/2014,Fun,It's definitely fun but it was a bit easy to beat & now I've been waiting for a long time for upgrades without the monetary expenses.
346,1lover1,we-star-rating-stars we-star-rating-stars-5,12/31/2013,Fabulos,"It the best ramen game EVER!!
Hope will get more awesome update!!"
347,kayla holloway,we-star-rating-stars we-star-rating-stars-4,08/10/2013,Good game,Good
348,Sophers92,we-star-rating-stars we-star-rating-stars-4,07/01/2015,Really fun,"I really like this game. A downside is that in order to fully upgrade equipment, it requires gems (like most games) but the ONLY way to get them is to buy them. No way to naturally win a gem here or there for those who don't want to pay for in app purchases. Also a couple translation issues. Other than that, great game :)"
349,Mythornyhole,we-star-rating-stars we-star-rating-stars-5,10/01/2014,It's addicting,"Once you start playing, you can't stop."
350,Aiiu0411,we-star-rating-stars we-star-rating-stars-5,08/13/2013,Awesome!!!,Seru.. :)
351,Bugggg88,we-star-rating-stars we-star-rating-stars-5,09/08/2014,Fun game!!!,Fun game very addicting ğŸ˜„ğŸ˜„
352,CoolSoup,we-star-rating-stars we-star-rating-stars-5,06/23/2015,Amazing,Game is amazing!!
353,Moody2308,we-star-rating-stars we-star-rating-stars-5,06/21/2015,Fun,"Really good diner dash type of game, one of the best."
354,SabSab010,we-star-rating-stars we-star-rating-stars-5,01/17/2014,Food,Ugh makes me so hungryğŸ˜»ğŸ‘ğŸ‘Œ
355,SRV107,we-star-rating-stars we-star-rating-stars-4,11/17/2015,Yum yum noodle,I love these games and this game is fun it always makes me want noodles m ! It's very easy to learn and fun for those who like cooking games.
356,Bwahaysha,we-star-rating-stars we-star-rating-stars-4,08/09/2013,Pretty fun,"Wish the ramen images are larger, so you could more easily identify the order"
357,Amir4fcb,we-star-rating-stars we-star-rating-stars-3,02/09/2017,"Fun game, impossible to advance",It's almost impossible to get enough stars to advance
358,Cleverwitit,we-star-rating-stars we-star-rating-stars-5,10/15/2015,"Fun, Challenging but makes me hungry!",The games a lot of fun and becomes increasingly challenging but makes me hungry for Ramen noodles lol!
359,rileyjadeallen23,we-star-rating-stars we-star-rating-stars-4,05/01/2016,Game,Cool
360,Shyskye,we-star-rating-stars we-star-rating-stars-5,08/11/2013,So much fun!,Lots of fun! Couldn't stop playing!
361,Mayzee_Dee,we-star-rating-stars we-star-rating-stars-4,12/03/2015,Great!,"i really like this game it's super fun! however, the money goal is kind of annoying? i always get things done quickly and only refill the supplies when theyre gone and with the normal delivery cost. i can never seem to reach the goal though."
362,Ohcolonialbird,we-star-rating-stars we-star-rating-stars-5,08/09/2013,Seriously one of the best.,I can't stop playing!
363,Henny susanto,we-star-rating-stars we-star-rating-stars-5,01/30/2015,Fun game,"Very enjoyed play this game, make me addicted"
364,TinaLovesRamen,we-star-rating-stars we-star-rating-stars-4,02/22/2016,Deliciously Addictive,Very fun game! Challenging but not impossible. Makes me want ramen super bad. I highly suggest this very fun time management games.
365,MonkeeyFeet,we-star-rating-stars we-star-rating-stars-4,09/26/2014,Fun,This is a great game to pass time and really addicting!
366,Aireene1,we-star-rating-stars we-star-rating-stars-5,08/09/2013,Great game,Fun time management game. Serving ramen is super fun.
367,Ckgnejxcxjdggdj,we-star-rating-stars we-star-rating-stars-5,10/31/2016,Good game,"Awesome game
Plays easy and fun
When u play this, time is gone superfast"
368,sally see,we-star-rating-stars we-star-rating-stars-5,08/04/2013,Best game,I love this game! It is the best!
369,Torriumz,we-star-rating-stars we-star-rating-stars-5,06/19/2015,ğŸ‘ŒğŸ¼,Love it
370,valvalwazherealwayz,we-star-rating-stars we-star-rating-stars-5,01/04/2015,FUN,Very fun!
371,Dangbye,we-star-rating-stars we-star-rating-stars-3,01/09/2016,From level 8~10,Almost impossible to get three stars without diamonds
372,avrian2,we-star-rating-stars we-star-rating-stars-5,08/13/2013,Review!!,Simulator game with ramen theme... Good job!
373,Angry luna,we-star-rating-stars we-star-rating-stars-5,03/21/2016,The first cooking game I like!,"I don't really like cooking games like this ,but the game is really fun plus it has my favorite food in the title I had to play it."
374,Snoozy McSnoreson,we-star-rating-stars we-star-rating-stars-5,08/10/2013,Love love love!,This game is interesting and fun! Makes me want to actually learn to make ramen and start on my own ramen journey!
375,Elleandme,we-star-rating-stars we-star-rating-stars-5,04/11/2015,Fun!,This game is great! Just wish that I could get coins easier.
376,Kiki Singleton,we-star-rating-stars we-star-rating-stars-5,08/09/2013,Hell yea,Fun
377,TheKrakenKidd,we-star-rating-stars we-star-rating-stars-5,08/05/2013,Move Over Candy Crush,This addicting game will test your coordination and timing as well as your appetite.
378,crc1827,we-star-rating-stars we-star-rating-stars-5,08/09/2013,Hungry,This game is really fun! The bad thing is that it makes me hungry everytime I play ha!
379,Hanhankata,we-star-rating-stars we-star-rating-stars-5,07/12/2015,Awesome!!,"I love this game! Except for knowing to upgrade when you need to, so remember to get coins and buy upgrades with the coins!!"
380,Kevinm2.o,we-star-rating-stars we-star-rating-stars-5,10/20/2015,Interesting,Having fun with it
381,ZenakuCreator,we-star-rating-stars we-star-rating-stars-5,06/21/2017,Lots of fun!,Thank you for making such an entertaining game.
382,Whaddamelon,we-star-rating-stars we-star-rating-stars-5,04/04/2014,I can't stop making ramen,Hellpppp
383,Lupita8574,we-star-rating-stars we-star-rating-stars-5,07/23/2014,Five stars!!,Love the game!
384,Missy5150,we-star-rating-stars we-star-rating-stars-5,11/13/2015,Best game ever!!!,Go addicting!!!!
385,Revyks,we-star-rating-stars we-star-rating-stars-5,04/12/2015,Awesome,Fun and addictive!!
386,Burgeegamer2016,we-star-rating-stars we-star-rating-stars-5,04/30/2016,Fun,Fun game
387,Nefertiti Blanco,we-star-rating-stars we-star-rating-stars-5,12/29/2015,Dope!,This game is Sick love it!!!!
388,Another Smurf 587,we-star-rating-stars we-star-rating-stars-5,04/07/2015,"Cute, fun","It makes me decide to eat ramen, too.ğŸœ"
389,Elliekpasa,we-star-rating-stars we-star-rating-stars-5,11/11/2015,Fun and addicting!,I'm a huge fan of food simulation games and it's hard to find ones that are increasingly fun and challenging. Love this game!
390,Prizpuru,we-star-rating-stars we-star-rating-stars-5,08/10/2013,Ramen,Fun
391,Alienslime,we-star-rating-stars we-star-rating-stars-5,09/02/2014,Good,Good
392,JennyP4444,we-star-rating-stars we-star-rating-stars-3,01/30/2017,Average game,Pretty decent game. Has a few bugs.
393,Vivilong .inc,we-star-rating-stars we-star-rating-stars-5,05/18/2014,So much fun OMG!!,I love this game!
394,Peer Lwon,we-star-rating-stars we-star-rating-stars-5,11/03/2017,Please update to ios11,I really enjoy this game so much. My iPhone is in iOS 11 and unable to play. Please update to iOS 11!!
395,Kbarmarine,we-star-rating-stars we-star-rating-stars-4,06/01/2016,Fun,I love the game
396,Lilianzhangyihua,we-star-rating-stars we-star-rating-stars-5,10/17/2014,lovely gameï¼,its cuteï¼
397,Franchesca5150,we-star-rating-stars we-star-rating-stars-5,02/01/2016,awesome,best game
398,chickentownhehe,we-star-rating-stars we-star-rating-stars-5,08/27/2014,Fun fun fun,Very fun to play! Variety of diff soup base :)
399,Dmprpljg,we-star-rating-stars we-star-rating-stars-4,08/10/2013,Fun,Fun
400,376hulili,we-star-rating-stars we-star-rating-stars-5,11/23/2014,goodgame,good game
401,Life Should be Easy,we-star-rating-stars we-star-rating-stars-3,12/09/2014,You probably need to pay,"I can't unlock Tokyo. If I had diamonds I would buy the last upgrades. Otherwise, good game."
402,ICUPeed,we-star-rating-stars we-star-rating-stars-3,10/27/2013,goodgame w.no wifi,crashes alot though and add popups are annoying and if u get diamonds ur diamond count gets alittle buggy.
403,Sitang Avanin,we-star-rating-stars we-star-rating-stars-5,01/23/2014,Latte,It's good game ;)
404,Cinecitta79,we-star-rating-stars we-star-rating-stars-4,05/29/2014,Ramen cooking,It's a fun game to play while you watch tv.
405,Sannettec,we-star-rating-stars we-star-rating-stars-4,08/23/2013,Fun,I like it
406,kathiiness,we-star-rating-stars we-star-rating-stars-4,11/01/2015,Fun,Fun game
407,Nananb,we-star-rating-stars we-star-rating-stars-5,02/05/2016,Cool,Love it
408,D'Kurniawan,we-star-rating-stars we-star-rating-stars-5,10/04/2013,ğŸ‘,Keren euy.. (^_âˆ’)âˆ’â˜†
409,Eric 1205,we-star-rating-stars we-star-rating-stars-5,03/14/2014,Awesome ...,Awesome game ever ... ğŸ‘ğŸ‘ğŸ‘ğŸ˜
410,truth4ever,we-star-rating-stars we-star-rating-stars-4,01/20/2014,Fun,Fun
411,Sophiasoya,we-star-rating-stars we-star-rating-stars-4,06/21/2015,Fun,I liked it. Really addicting though
412,randomn3ss,we-star-rating-stars we-star-rating-stars-5,06/21/2015,Great stuff!,"Game is not too demanding, yet challrnging at the same time. It was really fun!"
413,Atruangel33,we-star-rating-stars we-star-rating-stars-4,08/09/2013,Very fun. Can't stop!!!!,Can't seem to stop playing it!!!
414,Alexandria_bvb,we-star-rating-stars we-star-rating-stars-5,12/25/2015,Awesome,It passes the time when I'm bored and it gives me a hunger for ramen and that's a good thing cause I love it
415,Helloyou101,we-star-rating-stars we-star-rating-stars-5,07/07/2015,Addictive,"Addictive, unique, and fun!"
416,ë©”ë™ë§˜,we-star-rating-stars we-star-rating-stars-5,12/16/2015,Love it,Love it
417,Dino CORP.,we-star-rating-stars we-star-rating-stars-5,03/17/2014,Yummy Rammen,Sweet... Yummy yummy Rammen.
418,punnyfunny,we-star-rating-stars we-star-rating-stars-5,09/15/2014,Awesome game,Really fun and challenging!
419,BeckieandBrianna,we-star-rating-stars we-star-rating-stars-5,11/02/2013,Ramen,Awesome game!
420,GoddessPuff,we-star-rating-stars we-star-rating-stars-5,08/12/2019,Update to iOS 11 PLEASE,Best cooking game I've played in a long time. I would really like to be able to play it again ğŸ˜­
421,Cutemoos,we-star-rating-stars we-star-rating-stars-5,08/20/2015,RamenChain,Love this game! So much fun. Love ramen too!
422,Brittsterz,we-star-rating-stars we-star-rating-stars-5,07/20/2015,Ramen,I'm in love with this game!!
423,SquirrelNut85,we-star-rating-stars we-star-rating-stars-5,08/29/2015,Fun Game,I like this game. It keeps my brain focused and it's about ramen! You can't beat that with a stick.
424,24601me,we-star-rating-stars we-star-rating-stars-4,10/09/2015,Good,Good game
425,Tmohadjer,we-star-rating-stars we-star-rating-stars-3,11/22/2016,Could be better,"It's an addicting game.
But!
It does not have enough levels, so after you finish all levels with 3 stars (i did it in about 6 days, 2 hours daily), you have to delete the app or wait for updates, nothing entertaining will be left."
426,Toy9595,we-star-rating-stars we-star-rating-stars-5,05/16/2015,Good game,Ok
427,Chickadee130,we-star-rating-stars we-star-rating-stars-5,02/04/2017,Nice,Nice game
428,=!Silverstreak!=,we-star-rating-stars we-star-rating-stars-4,09/09/2013,So fun,Love this game although I can't beat this level!!
429,Bebechia,we-star-rating-stars we-star-rating-stars-5,11/22/2014,ğŸ˜˜ğŸ‘Œ,ğŸœğŸœğŸœğŸœğŸœğŸœâ¤ï¸
430,Tsuku32,we-star-rating-stars we-star-rating-stars-5,04/02/2015,Great game!,Had a lot of fun playing!
431,Yurkolph,we-star-rating-stars we-star-rating-stars-5,09/17/2016,Good,Good
432,Kushbunnie,we-star-rating-stars we-star-rating-stars-5,08/27/2014,Thumbs up!,Colorful and cute graphics to make gaming more enjoyable! Makes me crave for ramen almost! Fun game for sure!!
433,Vi cutie,we-star-rating-stars we-star-rating-stars-5,08/02/2015,Lots of fun,Great multitasking game!
434,JJhijjik,we-star-rating-stars we-star-rating-stars-5,11/30/2014,Awesome app,Funnnn!!!
435,Steeartfn,we-star-rating-stars we-star-rating-stars-5,02/27/2016,Fun game,Fun Game
436,Mommy and food take over,we-star-rating-stars we-star-rating-stars-5,08/26/2015,ğŸ‘ğŸ¾ğŸ‘ğŸ¾ğŸ‘ğŸ¾ğŸ‘ğŸ¾ğŸ‘ğŸ¾ğŸ‘ğŸ¾ğŸ‘ğŸ¾ğŸ‘ğŸ¾ğŸ‘ğŸ¾ğŸ‘ğŸ¾,Awesome. This an fun and addicted game. Looooooovvvvvve it
437,Neenee2221,we-star-rating-stars we-star-rating-stars-4,06/03/2014,Yeah,Yeah
438,osxDragon,we-star-rating-stars we-star-rating-stars-5,06/13/2015,Very fun,Addicting
439,Carley Sachiiko,we-star-rating-stars we-star-rating-stars-4,05/25/2015,Ramen Chain,Super fun game!! I pretty much love all food serving games but this one is a keeper!!
440,Meowww369,we-star-rating-stars we-star-rating-stars-5,01/12/2014,Really fun,"This is a really fun game. You dont really have to make any new ingame purchases, which i love."
441,Doggie_Dew,we-star-rating-stars we-star-rating-stars-5,08/10/2013,Great!,I LOVE ramen! Great game! So addicting..!
442,laurachiyo,we-star-rating-stars we-star-rating-stars-5,01/07/2014,Super fun!,Great game!
443,XjessicaX03,we-star-rating-stars we-star-rating-stars-5,04/04/2017,Great Game,"Great game, tons of fun. Just need to fix a few bugs, because it crashes often."
444,Scarlet Panties,we-star-rating-stars we-star-rating-stars-4,02/12/2017,I love this game,"One of the best ramen games out in the App Store. The best thing is you don't have to rely on having life points, it's unlimited playing. Upgrading items isn't too difficult but maybe collecting diamonds is. You get one free diamond every 24 hrs."
445,Xoxonene612,we-star-rating-stars we-star-rating-stars-5,08/31/2015,Hungry,"Yeah it's fun and all, but I really want ramen while I'm playing this game. Which is usually at work. The fact that I can't eat ramen while playing this game makes me insanely hungry and frustrated and makes me want to get all three stars on every stupid level to ease the emptiness in my stomach. Why does it have to look so delicious? Seriously, please turn down the illustrations so I don't have to eat ramen all day every day I'm playing this game."
446,Really cool game!!,we-star-rating-stars we-star-rating-stars-5,10/18/2014,Best game,"Very fun, can't stop playing."
447,Vmsxo30,we-star-rating-stars we-star-rating-stars-5,10/22/2015,Exciting,Like this game!
448,Machaeleah,we-star-rating-stars we-star-rating-stars-3,08/12/2013,Fun but unstable,"Definitely a fun game, but there are some glitches. Keeps crashing and I tried to use a diamond to buy something and it buzzed like I didn't have a diamond or I'd already bought the upgrade."
449,Ariipo,we-star-rating-stars we-star-rating-stars-5,05/12/2016,Good game,Fun
450,Koalaud,we-star-rating-stars we-star-rating-stars-4,03/15/2015,Good,Addicting and fun
451,Reid1188,we-star-rating-stars we-star-rating-stars-5,03/16/2016,Just for Diamond,Nice game. Want to have some Ramen hmmmmm
452,Nmf1111,we-star-rating-stars we-star-rating-stars-4,07/01/2016,Fun!,Now I want ramen
453,Mariatbdine,we-star-rating-stars we-star-rating-stars-5,06/25/2015,Good,Cool
454,Avia4128,we-star-rating-stars we-star-rating-stars-5,05/31/2016,Fun game,Hours of enjoyment
455,Tischlagerr,we-star-rating-stars we-star-rating-stars-5,07/09/2015,Yay,Love this game
456,Mel_253,we-star-rating-stars we-star-rating-stars-1,02/24/2017,Crashes,Crashes every few minutes so I uninstalled
457,DaymiiLove,we-star-rating-stars we-star-rating-stars-4,09/06/2013,Love it,In love
458,gezika143,we-star-rating-stars we-star-rating-stars-5,08/10/2013,Cute and fun,Only through the first ten and it seems simple and fun. Hope it gets challenging along the way!
459,Viral28,we-star-rating-stars we-star-rating-stars-5,01/24/2014,Good game,"Unable to purchase the New York chain, but otherwise very addicting! Absolutely love it!"
460,Yen Cao,we-star-rating-stars we-star-rating-stars-5,02/02/2014,Best game ever!,Absolutely love it
461,Jazz62690,we-star-rating-stars we-star-rating-stars-4,09/13/2015,Great,Love the game
462,Detective-ConanâœŒï¸,we-star-rating-stars we-star-rating-stars-5,09/12/2014,Cool,"Really cool game. I normally don't like this kind of game, but I really like this one!"
463,Lan Kazuna,we-star-rating-stars we-star-rating-stars-5,02/27/2015,Fun,So fun and addicting. And I love ramen. XD
464,SolBlvck,we-star-rating-stars we-star-rating-stars-3,09/29/2016,Awesome,Good game but wish there were more upgrades
465,Seraphina152,we-star-rating-stars we-star-rating-stars-3,02/22/2016,Love it,I like how the game is its super fun! But how thinks press wrong (may be my bag) could be fixed? But i do love the game c:
466,Italangl17,we-star-rating-stars we-star-rating-stars-5,08/09/2013,Great game,Great game
467,Ligail,we-star-rating-stars we-star-rating-stars-5,06/16/2015,Mntap,Good
468,BlytheMaier,we-star-rating-stars we-star-rating-stars-5,02/08/2015,5 stars,Great game
469,Kurokirri,we-star-rating-stars we-star-rating-stars-4,03/05/2016,Fun Tim waster,"This game is worth your while! It's easy to play, and make Money in it. And I love ramen"
470,fcmadrid,we-star-rating-stars we-star-rating-stars-4,07/06/2014,Great game!,Addicting!
471,Mospo22,we-star-rating-stars we-star-rating-stars-4,08/06/2015,Hard but amusing,Pretty good game takes efforts and multiple tries to beat high levels..
472,Ididjfhshsk,we-star-rating-stars we-star-rating-stars-4,05/22/2016,Fun but Diamonds are Necessary,"This game is really cool and the interface is nice, but do be aware that to get three stars you have to use diamonds (the in-game purchases)"
473,Geraldine1938,we-star-rating-stars we-star-rating-stars-5,10/17/2015,Love it!!!,Not hard at all!!!
474,Joycey924,we-star-rating-stars we-star-rating-stars-5,06/06/2015,very chanllengable!!!!!,good game
475,lex2eat,we-star-rating-stars we-star-rating-stars-5,08/04/2015,Addictive game,"Love it, great game to play when you're bored"
476,Tynisgea,we-star-rating-stars we-star-rating-stars-5,12/11/2015,Games,The game is fun to play all day n very hard
477,JohhnyRingo,we-star-rating-stars we-star-rating-stars-5,02/01/2017,Perfect,Brings a love for fast acting dinner games and anime together in one
478,Jenbug29,we-star-rating-stars we-star-rating-stars-5,08/12/2017,Very fun,Love this game
479,Ai ğŸ’•,we-star-rating-stars we-star-rating-stars-5,06/20/2015,sooo fun,love this game!!
480,XscfuchxjxzrrAXJ J,we-star-rating-stars we-star-rating-stars-5,10/19/2015,Fun,"Fun, give it a try."
481,Hula24,we-star-rating-stars we-star-rating-stars-5,09/05/2013,Addictive,5 stars! Totally addictive! I've even started dreaming about serving ramen. It's crazy xox
482,Jessie800,we-star-rating-stars we-star-rating-stars-5,03/25/2017,Ramen,Very fun game so far :)
483,Exerick,we-star-rating-stars we-star-rating-stars-5,08/14/2013,Seruh,Asik game nya :)
484,Unfortunate_Misfit,we-star-rating-stars we-star-rating-stars-5,06/21/2015,Love it,It's coolio
485,Fun w/Mini,we-star-rating-stars we-star-rating-stars-4,08/19/2013,Fun!!,This is pretty fun. I wish the menu changed a little more.
486,Xkaylaxzombiiiex,we-star-rating-stars we-star-rating-stars-5,09/10/2014,Addicting,Extremely addicting. I cannot put it down.
487,Omgthisisnutz,we-star-rating-stars we-star-rating-stars-4,05/24/2016,Ramen chain,"The game is fun, but you cannot move on to the upper levels unless you earn enough stars. And that means you almost have to have a perfect game in order to open the airport area. I would rather they just let us move on without this restriction. In order to collect diamonds which can buy you valuable boosts, you either have to wait 24 hours for a free diamond or write a review like I am doing now to get one. This distracts from the fun of playing the game. And I guess we all know why the game was created in the first place. Not necessarily for our pleasure, but for the creators to make money."
488,Yoyo1537495,we-star-rating-stars we-star-rating-stars-5,09/19/2015,Great,Good
489,ShyOnTheRhy,we-star-rating-stars we-star-rating-stars-5,09/10/2013,Fun game,Tons of fun. Great graphics. Storyline is cohesive and upgrades aren't impossible to make like other games.
490,boredenterprises,we-star-rating-stars we-star-rating-stars-4,06/25/2014,Fun,Fun game.
491,ALW1976,we-star-rating-stars we-star-rating-stars-4,04/23/2016,Enjoyable,Simple game. I wish diamonds were free or there was a way to master the game without them.
492,@thealexis8D,we-star-rating-stars we-star-rating-stars-4,08/20/2013,Game,I love this game!!! Wish I could see more how to get through levels.
493,Olgaamaar,we-star-rating-stars we-star-rating-stars-5,06/25/2015,Fun,Love it
494,JJJiana,we-star-rating-stars we-star-rating-stars-5,01/09/2017,V good,Awesome
495,stefofthedead,we-star-rating-stars we-star-rating-stars-5,09/08/2013,great game!,very fun & its great when you just want to kill some time....
496,I Like Food And Water,we-star-rating-stars we-star-rating-stars-5,06/24/2015,A fun game,It's a good game
497,Leyanomnom,we-star-rating-stars we-star-rating-stars-5,12/17/2014,Fun,This game is fun but a little repetitive.
498,Robin0611,we-star-rating-stars we-star-rating-stars-4,06/13/2016,Nice game,It's a fun and nice game
499,Khafida2017,we-star-rating-stars we-star-rating-stars-4,04/02/2017,Awesome,Nice game. Time consuming. Makes me want ramen every time I play.ğŸ˜‚ ğŸœ ğŸ˜‹
500,Ctnguyen008,we-star-rating-stars we-star-rating-stars-5,06/18/2015,Loves it!,Such a fun game and it makes me crave a good bowl of Ramen right now too! Haha
501,ragamuffin_lenore,we-star-rating-stars we-star-rating-stars-5,10/22/2015,Yep,P cute
502,DimancheMD,we-star-rating-stars we-star-rating-stars-5,04/25/2014,Great game,Fun!
503,Flobro67854190,we-star-rating-stars we-star-rating-stars-5,08/05/2014,awesome Ramen cooking!,Love Ramen . Love this game. ADDICTIVE! So beware âœŒï¸ğŸ˜œ
504,Rayka-chan,we-star-rating-stars we-star-rating-stars-4,01/31/2016,Fun to Play,"I like it. Helps pass the time and the characters are pretty cute. I like how they're drawn. I like being able to ""decorate"" the restaurant and upgrade the decorations too. X3 Guess the ads are a little annoying but doesn't bother me much."
505,Athelonia,we-star-rating-stars we-star-rating-stars-5,05/02/2015,Love this game,Really fun
506,Spame24,we-star-rating-stars we-star-rating-stars-5,12/10/2014,Fun and challenging game!,Kind of like dinner dash saga. This game is entertaining and fun to play! So far so good!
507,LoveGod1994,we-star-rating-stars we-star-rating-stars-3,10/22/2015,Cool.,Fun.
508,Pants please,we-star-rating-stars we-star-rating-stars-2,08/09/2013,Doesn't function well.,"I would like to give it a better review, but I can't. The game is fun and I like the background stories. The problem is it's hard to tap on anything. I originally thought the problem was my phone, then I tapped the pause button and it worked without a problem. I can't serve customers (who are also hard to tap on) when I can't tap on them because the drink/ stock menu's won't get off of the screen."
509,rizaldy aminu,we-star-rating-stars we-star-rating-stars-5,11/14/2013,Good,So addictive!
510,RamenChef,we-star-rating-stars we-star-rating-stars-3,05/14/2017,Wasting time,Nice for wasting time. Not easy but you learn to earn coins and buy upgrades. But then you need diamonds that need to be purchased. It's a bit of the bait you in then get you hooked enough to buy things in the game.
511,Elismellypants,we-star-rating-stars we-star-rating-stars-5,04/18/2016,RAMEN,Warning app will make you hungry! ğŸ˜‹
512,Shirleybbbbb,we-star-rating-stars we-star-rating-stars-5,08/13/2013,Loloooo,Love this game!! Can't stop playing it!!
513,Amber.0915,we-star-rating-stars we-star-rating-stars-5,06/11/2015,Fun!,I really enjoy this game.
514,Sbpinkheart,we-star-rating-stars we-star-rating-stars-5,01/19/2014,Cool game,"Really fun, very addicting."
515,Moricrises,we-star-rating-stars we-star-rating-stars-4,06/19/2015,Pretty addicting,Yeah it's addicting but where is the extra food items?????
516,Shannanagais,we-star-rating-stars we-star-rating-stars-5,08/10/2013,Ramen Chain,Love this game!!!
517,Peebee07,we-star-rating-stars we-star-rating-stars-4,02/12/2016,Great!,Fun game. Still exploring but so far so good. Im rating it though just to get a diamond. Haha.
518,SusuKachoooo,we-star-rating-stars we-star-rating-stars-5,08/10/2013,:D,Fun
519,Strawberry peaches lemonade,we-star-rating-stars we-star-rating-stars-5,11/18/2015,Rating,â¤ï¸â¤ï¸â¤ï¸
520,Blade Atira,we-star-rating-stars we-star-rating-stars-4,08/05/2013,Pretty good!,I just wish there were more levels! It's very addicting!
521,NurseNi,we-star-rating-stars we-star-rating-stars-4,08/11/2013,Fun...addictive,Addictive especially if you like time management games and ramen noodles... Wish I could make a bowl for myself at home...I play it any chance I get...
522,IsabellaFay1991,we-star-rating-stars we-star-rating-stars-5,04/26/2016,Fun fun fun,This game is addicting.
523,@Fitrop,we-star-rating-stars we-star-rating-stars-5,04/22/2016,Sluurp,"Super tasty game. I always love to hear the ""sluurrp"" sound when customers enjoy their ramen."
524,xslaaycx,we-star-rating-stars we-star-rating-stars-5,02/24/2017,Ramen,Makes my mouth watery .
525,Thorns_Rose,we-star-rating-stars we-star-rating-stars-5,05/02/2015,Awesome Game!,"Ramen Chain is an amazing game, a good time killer, and plenty of fun. I wish it was a bit easier to get three stars on all levels though, as you need them to get to chapter 5 which is Singapore."
526,Miche222,we-star-rating-stars we-star-rating-stars-4,08/05/2013,Awesome!,So much fun!!
527,MewaWolf,we-star-rating-stars we-star-rating-stars-5,11/20/2015,This game,This game is so freaking addictive!!!
528,g_exquisite,we-star-rating-stars we-star-rating-stars-5,02/05/2014,Addictive,Great game. Can't stop playing. U really need them diamonds to get the 3 stars in the later levels in the chapter.
529,xxhorseyxx103,we-star-rating-stars we-star-rating-stars-4,10/26/2014,Amazing!!!,Gets my stomach growling for sure! Awesome game!! Just wish the ingredients didn't run out so fast haha.
530,Lich lust,we-star-rating-stars we-star-rating-stars-4,01/07/2015,Cute and fun,It's simple really but the mechanics of the game is kinda hard to get used to
531,Dihlanah,we-star-rating-stars we-star-rating-stars-5,04/26/2015,...,It's a fun game to waste time with
532,CR_Alam_WS,we-star-rating-stars we-star-rating-stars-5,09/14/2016,Ramen Chain,Very funny game
533,Jodi-Head,we-star-rating-stars we-star-rating-stars-5,03/25/2016,I love It!,Great game to play in my pass time.
534,Wedow,we-star-rating-stars we-star-rating-stars-5,02/17/2014,great game,I love this game!
535,Kabcdefghijklmnopqrstuvxwyz,we-star-rating-stars we-star-rating-stars-5,08/02/2016,Love it,It's amazing and addicting!
536,BoMay,we-star-rating-stars we-star-rating-stars-5,08/17/2013,Addicting!,Fun time management game! Love the ramen recipes and interesting cast of characters as customers. Engaging gameplay.
537,Mkabalkin5,we-star-rating-stars we-star-rating-stars-5,03/08/2017,Fun,Great game fun
538,A person who has this game.,we-star-rating-stars we-star-rating-stars-5,04/28/2014,Awesome and Fun Game,Thinking tactics and speed.
539,Starfruitme,we-star-rating-stars we-star-rating-stars-4,04/11/2016,Addictive!!!,Absolutely am addicted to this game.
540,KQ784,we-star-rating-stars we-star-rating-stars-5,11/19/2015,AWESOME!!!,Love this game so addicting.
541,Goody mana,we-star-rating-stars we-star-rating-stars-5,08/15/2013,Good game,U guys better try this game. It's awesome
542,Super Irritated Customer,we-star-rating-stars we-star-rating-stars-3,03/05/2017,Fun,It's fun.
543,Irk=:),we-star-rating-stars we-star-rating-stars-3,06/29/2015,Good game,Really fun game
544,:)Alisha,we-star-rating-stars we-star-rating-stars-4,06/19/2015,it's fun,it's a fun gamd
545,Skye0012,we-star-rating-stars we-star-rating-stars-5,02/03/2014,Addicting,Good download. Addicting and fun.
546,Drawing fishstick,we-star-rating-stars we-star-rating-stars-5,01/17/2014,FUN,Super fun!!!
547,"Lina""",we-star-rating-stars we-star-rating-stars-5,12/28/2013,ì§±ì§±ì§±,ì§±ì¬ë¯¸ìˆë‹¤ ^^ã…‹ã…‹ã…‹
548,Lolleighpop,we-star-rating-stars we-star-rating-stars-5,08/07/2015,Awesome,Fun game
549,brandi nycole,we-star-rating-stars we-star-rating-stars-5,04/28/2014,I love ramen as much as this game!,This is a fun game! I defiantly love playing it in between classes to make time pass by plus college kid who's broke half the time and eats ramen a lot it's kind of cool I never really thought about putting nori or eggs in my ramen so it's even better I deff love this game!
550,uhleezaza,we-star-rating-stars we-star-rating-stars-4,08/07/2013,Awesome,Good stuff
551,Rrrrrramen,we-star-rating-stars we-star-rating-stars-4,05/16/2017,Ramen Chain is very interesting,Ramen Chain is very interesting
552,Heeheeturtle,we-star-rating-stars we-star-rating-stars-5,08/25/2013,Great,It is very entertaining
553,Gie's Farm,we-star-rating-stars we-star-rating-stars-5,08/06/2013,Great!!!,Like+++
554,Wwuutangggg,we-star-rating-stars we-star-rating-stars-5,09/23/2015,Winner,Yas
555,Mariooooma,we-star-rating-stars we-star-rating-stars-5,08/16/2013,Like it,Amazing
556,Ridakyle,we-star-rating-stars we-star-rating-stars-4,08/09/2013,Awesome,Fun game.
557,kjmagan,we-star-rating-stars we-star-rating-stars-4,12/03/2013,Ramen Game Fun,I enjoy this game. Wish there was more instructions.
558,Rachhhhhhhhhhhhh,we-star-rating-stars we-star-rating-stars-5,06/20/2015,Awesome game!,"So fun to play, makes me hungry for ramen."
559,Khit kk,we-star-rating-stars we-star-rating-stars-4,04/02/2015,Fun,Sanook mak
560,Fingfinfever,we-star-rating-stars we-star-rating-stars-5,01/27/2014,Fun,"Addicting, makes me want to eat ramen!"
561,Skylark11276,we-star-rating-stars we-star-rating-stars-5,03/10/2015,Addicting,"Kinda hard to get all stars and make a perfect, even with a steady flow of customers. But, it's fun and I would tell others about trying it."
562,sabr1naa,we-star-rating-stars we-star-rating-stars-5,05/02/2014,Love this game!!,^^
563,Fduhoiuijicygui,we-star-rating-stars we-star-rating-stars-5,08/10/2016,Favourite game,This is the most amazing game ever .If there was a contest to see which game was better I would choose this game.
564,Rico8885,we-star-rating-stars we-star-rating-stars-5,10/10/2013,"great, but still bug","there's a bug in pause and exit to menu options, its force close..oterwise, great game"
565,Musiclover8394,we-star-rating-stars we-star-rating-stars-5,08/10/2013,Great game,"This is a really fun game, but the game crashes. Please fix."
566,Kp-2784-8104,we-star-rating-stars we-star-rating-stars-4,07/04/2015,Very fun,Like how easy it is. Very entertaining
567,Jysnfk,we-star-rating-stars we-star-rating-stars-5,07/01/2015,Ramen,Great game so addicting!
568,drew-ski,we-star-rating-stars we-star-rating-stars-3,12/12/2016,Ok. Better than other ramen sims I've seen,Doesn't support multi touch when adding ingredients so you can't move fast.
569,Melody377,we-star-rating-stars we-star-rating-stars-5,07/22/2014,Nice,Fun and passes my time but hard to earn star and advance
570,Tang79,we-star-rating-stars we-star-rating-stars-5,11/04/2013,Fun game,It's really fun to play game
571,Angelicastar25,we-star-rating-stars we-star-rating-stars-3,01/28/2015,Decent,It's not the worst food app I've played.
572,Mrs. Tomato,we-star-rating-stars we-star-rating-stars-4,07/11/2016,Fun,It's fun
573,3nmo,we-star-rating-stars we-star-rating-stars-5,05/25/2019,Please update this game,"I know itâ€™s been a long time, but I honestly miss this game! Canâ€™t compare to other ramen games ğŸ˜«"
574,Sohia98624,we-star-rating-stars we-star-rating-stars-5,12/27/2014,Comment,Game kha hay...:))))
575,JellyGirl,we-star-rating-stars we-star-rating-stars-4,11/28/2015,Fun,Fun for my day off
576,Lizzyknows~,we-star-rating-stars we-star-rating-stars-5,09/25/2013,Yum~,This game is soo good! It makes me want ramen
577,Sharkybox,we-star-rating-stars we-star-rating-stars-5,09/25/2014,Really really fun,"It's a great game, super fun and incredibly addictive I find myself getting really determined for 3 stars. The only troubles are really some funny typos, which I understand as this was made in India, but also that everything is really tiny on iPod touch, so it's hard to grab the right thing, or anything at all at times, but I manage. Great fun."
578,Muffin man_246,we-star-rating-stars we-star-rating-stars-5,07/26/2015,Awesome,Best game ever would highly recomend
579,Ginagarciaa1799,we-star-rating-stars we-star-rating-stars-3,02/12/2017,.,"Game is cool, difficult to play."
580,Livinstein,we-star-rating-stars we-star-rating-stars-5,11/04/2015,Best game,So fun!
581,Lady_bree,we-star-rating-stars we-star-rating-stars-5,11/19/2015,So addicting,Very fun to play can't seem to put down my device half the time
582,Boudicca21,we-star-rating-stars we-star-rating-stars-5,08/18/2013,Good game,Lots of fun.
583,Tj121997,we-star-rating-stars we-star-rating-stars-4,08/15/2013,Ramen Chain,Great Game!
584,Joanneennaoj,we-star-rating-stars we-star-rating-stars-5,08/25/2013,Nice,Nice game
585,Ladyofjoy311,we-star-rating-stars we-star-rating-stars-5,01/26/2016,Great game,Very addictive
586,Arihartyan,we-star-rating-stars we-star-rating-stars-4,08/10/2013,Nice game,Love it
587,Uthft,we-star-rating-stars we-star-rating-stars-5,07/21/2014,Love it,My whole family loves this game. Even our 4 year old :-)
588,Ramenmaster37,we-star-rating-stars we-star-rating-stars-5,08/20/2015,Really fun and addicting,It is a really great game with hours of fun! I wish getting diamonds was easy to obtained.
